wafer_id,fault_name,is_fault,progress_pct,Q_score,Q_threshold,pred_anomaly
2901,calibration,False,10,0.35422843137750004,0.44539722112785424,False
2903,calibration,False,10,0.24918592626541855,0.44539722112785424,False
2904,calibration,False,10,0.20537369019806184,0.44539722112785424,False
2905,calibration,False,10,0.22392800048199904,0.44539722112785424,False
2906,calibration,False,10,0.19197821427787426,0.44539722112785424,False
2907,calibration,False,10,0.18860717487538442,0.44539722112785424,False
2908,calibration,False,10,0.2086936533454051,0.44539722112785424,False
2909,calibration,False,10,0.17014830486683874,0.44539722112785424,False
2910,calibration,False,10,0.20923294516821853,0.44539722112785424,False
2911,calibration,False,10,0.22439326749606003,0.44539722112785424,False
2912,calibration,False,10,0.18328286636500335,0.44539722112785424,False
2913,calibration,False,10,0.1903694988539899,0.44539722112785424,False
2914,calibration,False,10,0.18096927005561708,0.44539722112785424,False
2915,TCP +50 ,True,10,0.5361321408377331,0.44539722112785424,True
2917,RF +10  ,True,10,8.472626238969742,0.44539722112785424,True
2918,Pr +3   ,True,10,1.216216560008946,0.44539722112785424,True
2920,calibration,False,10,0.17704969149697983,0.44539722112785424,False
2921,calibration,False,10,0.17486776951589367,0.44539722112785424,False
2922,calibration,False,10,0.20612374800485603,0.44539722112785424,False
2923,calibration,False,10,0.1802779940025151,0.44539722112785424,False
2924,calibration,False,10,0.22867747852441234,0.44539722112785424,False
2925,calibration,False,10,0.18331247315854604,0.44539722112785424,False
2926,calibration,False,10,0.18359012582585563,0.44539722112785424,False
2927,calibration,False,10,0.20885704928640542,0.44539722112785424,False
2928,calibration,False,10,0.20064842697227725,0.44539722112785424,False
2929,calibration,False,10,0.20361139769665698,0.44539722112785424,False
2930,calibration,False,10,0.18471213459145241,0.44539722112785424,False
2931,calibration,False,10,0.18974027232406968,0.44539722112785424,False
2932,calibration,False,10,0.19304651463901792,0.44539722112785424,False
2933,calibration,False,10,0.1979698234160915,0.44539722112785424,False
2934,calibration,False,10,0.2113104267960618,0.44539722112785424,False
2935,calibration,False,10,0.1935022571136018,0.44539722112785424,False
2936,TCP +10 ,True,10,0.2898898276227707,0.44539722112785424,False
2937,BCl3 +5 ,True,10,0.40897849647840706,0.44539722112785424,False
2938,Pr -2   ,True,10,0.5461212031837148,0.44539722112785424,True
2939,Cl2 -5  ,True,10,0.331042400408871,0.44539722112785424,False
2940,He Chuck,True,10,0.20527225855407882,0.44539722112785424,False
2941,calibration,False,10,0.21085746181276763,0.44539722112785424,False
2942,calibration,False,10,0.19445947111982625,0.44539722112785424,False
2943,calibration,False,10,0.23022066712936062,0.44539722112785424,False
3101,calibration,False,10,0.37488850648494476,0.44539722112785424,False
3102,calibration,False,10,0.2657193715601939,0.44539722112785424,False
3103,calibration,False,10,0.23654918778437872,0.44539722112785424,False
3104,calibration,False,10,0.21759238895065666,0.44539722112785424,False
3105,calibration,False,10,0.21549356235863656,0.44539722112785424,False
3106,calibration,False,10,0.22477253929830557,0.44539722112785424,False
3107,calibration,False,10,0.23432561605303934,0.44539722112785424,False
3108,calibration,False,10,0.2457908105245154,0.44539722112785424,False
3109,calibration,False,10,0.20570437827110022,0.44539722112785424,False
3110,calibration,False,10,0.2305992416787412,0.44539722112785424,False
3111,calibration,False,10,0.21945232132642917,0.44539722112785424,False
3112,calibration,False,10,0.25052288225860675,0.44539722112785424,False
3113,calibration,False,10,0.22978162441082128,0.44539722112785424,False
3114,calibration,False,10,0.22234800220951745,0.44539722112785424,False
3115,calibration,False,10,0.21960100688463086,0.44539722112785424,False
3116,calibration,False,10,0.21444541032256056,0.44539722112785424,False
3117,calibration,False,10,0.24203953630582323,0.44539722112785424,False
3118,calibration,False,10,0.22090569178267497,0.44539722112785424,False
3119,calibration,False,10,0.2258623260035737,0.44539722112785424,False
3120,TCP +30 ,True,10,2.7482111890661143,0.44539722112785424,True
3121,Cl2 +5  ,True,10,0.2424692953259203,0.44539722112785424,False
3122,RF +8   ,True,10,2.394554111540732,0.44539722112785424,True
3123,calibration,False,10,0.2572400499294251,0.44539722112785424,False
3124,calibration,False,10,0.25275714282900374,0.44539722112785424,False
3126,calibration,False,10,0.2576188379604439,0.44539722112785424,False
3127,calibration,False,10,0.2497311683631487,0.44539722112785424,False
3128,calibration,False,10,0.22839980671135376,0.44539722112785424,False
3129,calibration,False,10,0.21856842021453182,0.44539722112785424,False
3130,calibration,False,10,0.22963471607634478,0.44539722112785424,False
3131,calibration,False,10,0.2328394213946462,0.44539722112785424,False
3132,calibration,False,10,0.23259547795792257,0.44539722112785424,False
3133,calibration,False,10,0.22525651207267905,0.44539722112785424,False
3134,calibration,False,10,0.2535373520326516,0.44539722112785424,False
3135,calibration,False,10,0.2351797368716546,0.44539722112785424,False
3136,calibration,False,10,0.22121459137661265,0.44539722112785424,False
3137,calibration,False,10,0.21417248332666472,0.44539722112785424,False
3138,calibration,False,10,0.2350700802394232,0.44539722112785424,False
3139,calibration,False,10,0.26037811590295995,0.44539722112785424,False
3140,calibration,False,10,0.2431281787887791,0.44539722112785424,False
3141,BCl3 -5 ,True,10,36.07644239672909,0.44539722112785424,True
3142,Pr +2   ,True,10,0.5589815876643651,0.44539722112785424,True
3143,TCP -20 ,True,10,0.8414611803407375,0.44539722112785424,True
3301,calibration,False,10,0.41780314995953427,0.44539722112785424,False
3302,calibration,False,10,0.37629397239963247,0.44539722112785424,False
3303,calibration,False,10,0.35100130443194766,0.44539722112785424,False
3304,calibration,False,10,0.38169424046187955,0.44539722112785424,False
3305,calibration,False,10,0.36990578041672956,0.44539722112785424,False
3307,calibration,False,10,0.3505157975686537,0.44539722112785424,False
3308,calibration,False,10,0.3449096725629601,0.44539722112785424,False
3309,calibration,False,10,0.3519641878925246,0.44539722112785424,False
3310,calibration,False,10,0.3290000257924633,0.44539722112785424,False
3311,calibration,False,10,0.3472788339401398,0.44539722112785424,False
3312,calibration,False,10,0.4191983965722028,0.44539722112785424,False
3313,calibration,False,10,0.31543399900678437,0.44539722112785424,False
3314,calibration,False,10,0.3494102630323675,0.44539722112785424,False
3315,calibration,False,10,0.34349616873634703,0.44539722112785424,False
3316,calibration,False,10,0.35796448390902236,0.44539722112785424,False
3317,calibration,False,10,0.32574149527755164,0.44539722112785424,False
3318,TCP -15 ,True,10,1.077881932012887,0.44539722112785424,True
3319,Cl2 -10 ,True,10,0.40558574661346536,0.44539722112785424,False
3320,RF -12  ,True,10,0.5023650994849467,0.44539722112785424,True
3321,calibration,False,10,0.44593189101674496,0.44539722112785424,True
3322,calibration,False,10,0.3471692480953406,0.44539722112785424,False
3323,calibration,False,10,0.3596837313651269,0.44539722112785424,False
3324,calibration,False,10,0.3532546167942779,0.44539722112785424,False
3326,calibration,False,10,0.3921934177434444,0.44539722112785424,False
3327,calibration,False,10,0.3662209806081693,0.44539722112785424,False
3328,calibration,False,10,0.39625296923765174,0.44539722112785424,False
3329,calibration,False,10,0.38070640920996435,0.44539722112785424,False
3330,calibration,False,10,0.39286995345440806,0.44539722112785424,False
3331,calibration,False,10,0.4107225286661773,0.44539722112785424,False
3332,calibration,False,10,0.3488566603757237,0.44539722112785424,False
3333,calibration,False,10,0.37160419240111237,0.44539722112785424,False
3334,calibration,False,10,0.37951362622324636,0.44539722112785424,False
3335,calibration,False,10,0.3720552355784572,0.44539722112785424,False
3336,calibration,False,10,0.365684178961997,0.44539722112785424,False
3337,calibration,False,10,0.36287208646070235,0.44539722112785424,False
3338,calibration,False,10,0.36466069336598517,0.44539722112785424,False
3339,BCl3 +10,True,10,0.5384299767208585,0.44539722112785424,True
3340,Pr +1   ,True,10,0.563767065515301,0.44539722112785424,True
3341,TCP +20 ,True,10,0.8192950021312952,0.44539722112785424,True
3342,calibration,False,10,0.36386103012525495,0.44539722112785424,False
3343,calibration,False,10,0.4927675487276962,0.44539722112785424,True
2901,calibration,False,20,0.5919940616720036,0.74967597764177,False
2903,calibration,False,20,0.44550918870874007,0.74967597764177,False
2904,calibration,False,20,0.37676386145344887,0.74967597764177,False
2905,calibration,False,20,0.38614083165331226,0.74967597764177,False
2906,calibration,False,20,0.35142414959876656,0.74967597764177,False
2907,calibration,False,20,0.3621407846105959,0.74967597764177,False
2908,calibration,False,20,0.379420220185516,0.74967597764177,False
2909,calibration,False,20,0.31815301869958046,0.74967597764177,False
2910,calibration,False,20,0.38136466125849144,0.74967597764177,False
2911,calibration,False,20,0.3847296114107191,0.74967597764177,False
2912,calibration,False,20,0.34769938324528715,0.74967597764177,False
2913,calibration,False,20,0.34054941766035046,0.74967597764177,False
2914,calibration,False,20,0.33367353011171164,0.74967597764177,False
2915,TCP +50 ,True,20,0.9765552485347553,0.74967597764177,True
2917,RF +10  ,True,20,18.780891192045967,0.74967597764177,True
2918,Pr +3   ,True,20,2.8590267387651194,0.74967597764177,True
2920,calibration,False,20,0.3411118721896338,0.74967597764177,False
2921,calibration,False,20,0.3225783199976323,0.74967597764177,False
2922,calibration,False,20,0.3682751070746498,0.74967597764177,False
2923,calibration,False,20,0.3215512840011233,0.74967597764177,False
2924,calibration,False,20,0.4062771980665693,0.74967597764177,False
2925,calibration,False,20,0.3472485592005652,0.74967597764177,False
2926,calibration,False,20,0.32541454782589674,0.74967597764177,False
2927,calibration,False,20,0.3617907563809513,0.74967597764177,False
2928,calibration,False,20,0.3349098688469717,0.74967597764177,False
2929,calibration,False,20,0.34735606680471787,0.74967597764177,False
2930,calibration,False,20,0.3339270098298656,0.74967597764177,False
2931,calibration,False,20,0.3259032046160434,0.74967597764177,False
2932,calibration,False,20,0.3434024922837672,0.74967597764177,False
2933,calibration,False,20,0.33246288575018107,0.74967597764177,False
2934,calibration,False,20,0.3544418832570544,0.74967597764177,False
2935,calibration,False,20,0.33034264733833746,0.74967597764177,False
2936,TCP +10 ,True,20,0.5083249013655782,0.74967597764177,False
2937,BCl3 +5 ,True,20,0.7964125926699723,0.74967597764177,True
2938,Pr -2   ,True,20,1.450825703633151,0.74967597764177,True
2939,Cl2 -5  ,True,20,0.6247874795840536,0.74967597764177,False
2940,He Chuck,True,20,0.37375520198389633,0.74967597764177,False
2941,calibration,False,20,0.372238258777834,0.74967597764177,False
2942,calibration,False,20,0.3092788066499869,0.74967597764177,False
2943,calibration,False,20,0.39147329378913753,0.74967597764177,False
3101,calibration,False,20,0.6501738594453967,0.74967597764177,False
3102,calibration,False,20,0.481791391800517,0.74967597764177,False
3103,calibration,False,20,0.44788877516785763,0.74967597764177,False
3104,calibration,False,20,0.41324428130936014,0.74967597764177,False
3105,calibration,False,20,0.39056769580044226,0.74967597764177,False
3106,calibration,False,20,0.38869293884588463,0.74967597764177,False
3107,calibration,False,20,0.4494461094327131,0.74967597764177,False
3108,calibration,False,20,0.4221044272230536,0.74967597764177,False
3109,calibration,False,20,0.3945773136905698,0.74967597764177,False
3110,calibration,False,20,0.4263984057031967,0.74967597764177,False
3111,calibration,False,20,0.3884083122794219,0.74967597764177,False
3112,calibration,False,20,0.4401752814845544,0.74967597764177,False
3113,calibration,False,20,0.40128232688420806,0.74967597764177,False
3114,calibration,False,20,0.43797563766602754,0.74967597764177,False
3115,calibration,False,20,0.41071791949173597,0.74967597764177,False
3116,calibration,False,20,0.401050033249173,0.74967597764177,False
3117,calibration,False,20,0.43717696307344533,0.74967597764177,False
3118,calibration,False,20,0.4128936361892605,0.74967597764177,False
3119,calibration,False,20,0.4141427011003769,0.74967597764177,False
3120,TCP +30 ,True,20,6.6639354071528905,0.74967597764177,True
3121,Cl2 +5  ,True,20,0.47632441228480027,0.74967597764177,False
3122,RF +8   ,True,20,12.656936968550236,0.74967597764177,True
3123,calibration,False,20,0.44626999816437224,0.74967597764177,False
3124,calibration,False,20,0.45247843052196934,0.74967597764177,False
3126,calibration,False,20,0.43820163258167555,0.74967597764177,False
3127,calibration,False,20,0.4434382872803089,0.74967597764177,False
3128,calibration,False,20,0.4096320119482859,0.74967597764177,False
3129,calibration,False,20,0.4020975698717605,0.74967597764177,False
3130,calibration,False,20,0.426169036082486,0.74967597764177,False
3131,calibration,False,20,0.42810959815347,0.74967597764177,False
3132,calibration,False,20,0.4111023969518571,0.74967597764177,False
3133,calibration,False,20,0.41286871778727907,0.74967597764177,False
3134,calibration,False,20,0.4335338600307942,0.74967597764177,False
3135,calibration,False,20,0.4478821425629832,0.74967597764177,False
3136,calibration,False,20,0.3909416256135102,0.74967597764177,False
3137,calibration,False,20,0.38328050786417733,0.74967597764177,False
3138,calibration,False,20,0.41591979973509435,0.74967597764177,False
3139,calibration,False,20,0.4352832810152232,0.74967597764177,False
3140,calibration,False,20,0.4338790302395297,0.74967597764177,False
3141,BCl3 -5 ,True,20,58.53526886567354,0.74967597764177,True
3142,Pr +2   ,True,20,1.3314530937542668,0.74967597764177,True
3143,TCP -20 ,True,20,1.8990445430643228,0.74967597764177,True
3301,calibration,False,20,0.7074866143305241,0.74967597764177,False
3302,calibration,False,20,0.6602568405590349,0.74967597764177,False
3303,calibration,False,20,0.6099416771415846,0.74967597764177,False
3304,calibration,False,20,0.634534573635652,0.74967597764177,False
3305,calibration,False,20,0.6265889949924812,0.74967597764177,False
3307,calibration,False,20,0.6184765727256261,0.74967597764177,False
3308,calibration,False,20,0.6048475831824898,0.74967597764177,False
3309,calibration,False,20,0.6136915313708753,0.74967597764177,False
3310,calibration,False,20,0.6041490728559027,0.74967597764177,False
3311,calibration,False,20,0.6414007321424988,0.74967597764177,False
3312,calibration,False,20,0.7391947789521093,0.74967597764177,False
3313,calibration,False,20,0.5773854169584683,0.74967597764177,False
3314,calibration,False,20,0.6006609213395745,0.74967597764177,False
3315,calibration,False,20,0.611244238244931,0.74967597764177,False
3316,calibration,False,20,0.6013457372017391,0.74967597764177,False
3317,calibration,False,20,0.5947644228253044,0.74967597764177,False
3318,TCP -15 ,True,20,2.2477722316720143,0.74967597764177,True
3319,Cl2 -10 ,True,20,0.7785164800593753,0.74967597764177,True
3320,RF -12  ,True,20,0.93341501663197,0.74967597764177,True
3321,calibration,False,20,0.7498898796558446,0.74967597764177,True
3322,calibration,False,20,0.6119267505905333,0.74967597764177,False
3323,calibration,False,20,0.6222280013289423,0.74967597764177,False
3324,calibration,False,20,0.6158212429793758,0.74967597764177,False
3326,calibration,False,20,0.7018545061213979,0.74967597764177,False
3327,calibration,False,20,0.658507424009571,0.74967597764177,False
3328,calibration,False,20,0.6814037244664196,0.74967597764177,False
3329,calibration,False,20,0.6559313771594082,0.74967597764177,False
3330,calibration,False,20,0.6845324282462757,0.74967597764177,False
3331,calibration,False,20,0.7121529029221014,0.74967597764177,False
3332,calibration,False,20,0.6463163717615005,0.74967597764177,False
3333,calibration,False,20,0.6588171355599671,0.74967597764177,False
3334,calibration,False,20,0.6490987743773928,0.74967597764177,False
3335,calibration,False,20,0.6510458823489986,0.74967597764177,False
3336,calibration,False,20,0.6372376403865165,0.74967597764177,False
3337,calibration,False,20,0.6386328415636224,0.74967597764177,False
3338,calibration,False,20,0.6379004466984832,0.74967597764177,False
3339,BCl3 +10,True,20,1.0406352581848757,0.74967597764177,True
3340,Pr +1   ,True,20,1.101718821026164,0.74967597764177,True
3341,TCP +20 ,True,20,1.8501152843870077,0.74967597764177,True
3342,calibration,False,20,0.6706709964924766,0.74967597764177,False
3343,calibration,False,20,0.7513555401092065,0.74967597764177,True
2901,calibration,False,30,0.7802059551832964,0.9363232986101929,False
2903,calibration,False,30,0.5928204792698561,0.9363232986101929,False
2904,calibration,False,30,0.5291168871128875,0.9363232986101929,False
2905,calibration,False,30,0.5235887183502306,0.9363232986101929,False
2906,calibration,False,30,0.47612634240235996,0.9363232986101929,False
2907,calibration,False,30,0.5185727051627995,0.9363232986101929,False
2908,calibration,False,30,0.5221909079544516,0.9363232986101929,False
2909,calibration,False,30,0.4538500876125797,0.9363232986101929,False
2910,calibration,False,30,0.5044652738593518,0.9363232986101929,False
2911,calibration,False,30,0.5227471036697025,0.9363232986101929,False
2912,calibration,False,30,0.5142020907312217,0.9363232986101929,False
2913,calibration,False,30,0.49891162438347536,0.9363232986101929,False
2914,calibration,False,30,0.4511245959184542,0.9363232986101929,False
2915,TCP +50 ,True,30,1.3919113676003403,0.9363232986101929,True
2917,RF +10  ,True,30,28.999649379699388,0.9363232986101929,True
2918,Pr +3   ,True,30,4.74375109826129,0.9363232986101929,True
2920,calibration,False,30,0.4507155870850036,0.9363232986101929,False
2921,calibration,False,30,0.4624811610136764,0.9363232986101929,False
2922,calibration,False,30,0.4653207405558342,0.9363232986101929,False
2923,calibration,False,30,0.4363288294310378,0.9363232986101929,False
2924,calibration,False,30,0.5141851176508312,0.9363232986101929,False
2925,calibration,False,30,0.4926452936034339,0.9363232986101929,False
2926,calibration,False,30,0.42977016439003535,0.9363232986101929,False
2927,calibration,False,30,0.4742781584984903,0.9363232986101929,False
2928,calibration,False,30,0.4374903437954139,0.9363232986101929,False
2929,calibration,False,30,0.4681295895354113,0.9363232986101929,False
2930,calibration,False,30,0.45013531139228913,0.9363232986101929,False
2931,calibration,False,30,0.446946398113395,0.9363232986101929,False
2932,calibration,False,30,0.4540032814020076,0.9363232986101929,False
2933,calibration,False,30,0.44829543300245767,0.9363232986101929,False
2934,calibration,False,30,0.47585052376808884,0.9363232986101929,False
2935,calibration,False,30,0.4548517142233934,0.9363232986101929,False
2936,TCP +10 ,True,30,0.6622286578261722,0.9363232986101929,False
2937,BCl3 +5 ,True,30,1.142646079334705,0.9363232986101929,True
2938,Pr -2   ,True,30,2.5868925540000456,0.9363232986101929,True
2939,Cl2 -5  ,True,30,0.975865345656858,0.9363232986101929,True
2940,He Chuck,True,30,0.5280649960283093,0.9363232986101929,False
2941,calibration,False,30,0.47642408438879136,0.9363232986101929,False
2942,calibration,False,30,0.408462054218824,0.9363232986101929,False
2943,calibration,False,30,0.49435328176682813,0.9363232986101929,False
3101,calibration,False,30,0.8087163582459929,0.9363232986101929,False
3102,calibration,False,30,0.6527550574525407,0.9363232986101929,False
3103,calibration,False,30,0.5870172528045587,0.9363232986101929,False
3104,calibration,False,30,0.5592461950607204,0.9363232986101929,False
3105,calibration,False,30,0.5371745850069493,0.9363232986101929,False
3106,calibration,False,30,0.522982170214874,0.9363232986101929,False
3107,calibration,False,30,0.5704856555006707,0.9363232986101929,False
3108,calibration,False,30,0.5776262995530645,0.9363232986101929,False
3109,calibration,False,30,0.5149292888461057,0.9363232986101929,False
3110,calibration,False,30,0.5652400507867328,0.9363232986101929,False
3111,calibration,False,30,0.5415749029634501,0.9363232986101929,False
3112,calibration,False,30,0.5718558774127069,0.9363232986101929,False
3113,calibration,False,30,0.5290379547278129,0.9363232986101929,False
3114,calibration,False,30,0.5793036596670479,0.9363232986101929,False
3115,calibration,False,30,0.5535080395579156,0.9363232986101929,False
3116,calibration,False,30,0.5489066242202295,0.9363232986101929,False
3117,calibration,False,30,0.5985448339867202,0.9363232986101929,False
3118,calibration,False,30,0.5443048443514943,0.9363232986101929,False
3119,calibration,False,30,0.5485592830299695,0.9363232986101929,False
3120,TCP +30 ,True,30,10.239486686189336,0.9363232986101929,True
3121,Cl2 +5  ,True,30,0.6973680638245319,0.9363232986101929,False
3122,RF +8   ,True,30,34.38337507533127,0.9363232986101929,True
3123,calibration,False,30,0.5723691736985321,0.9363232986101929,False
3124,calibration,False,30,0.5618148082202171,0.9363232986101929,False
3126,calibration,False,30,0.5468937338539306,0.9363232986101929,False
3127,calibration,False,30,0.5867629736152258,0.9363232986101929,False
3128,calibration,False,30,0.5581055775526118,0.9363232986101929,False
3129,calibration,False,30,0.5203845800895797,0.9363232986101929,False
3130,calibration,False,30,0.5592247832994511,0.9363232986101929,False
3131,calibration,False,30,0.549190024418843,0.9363232986101929,False
3132,calibration,False,30,0.5307655577986709,0.9363232986101929,False
3133,calibration,False,30,0.5479633808241191,0.9363232986101929,False
3134,calibration,False,30,0.5437174381313679,0.9363232986101929,False
3135,calibration,False,30,0.5529706260477474,0.9363232986101929,False
3136,calibration,False,30,0.5201672242866116,0.9363232986101929,False
3137,calibration,False,30,0.5135165576192995,0.9363232986101929,False
3138,calibration,False,30,0.5241301979665103,0.9363232986101929,False
3139,calibration,False,30,0.5788269126570624,0.9363232986101929,False
3140,calibration,False,30,0.5545741246341132,0.9363232986101929,False
3141,BCl3 -5 ,True,30,84.38487782969158,0.9363232986101929,True
3142,Pr +2   ,True,30,2.3461449404561945,0.9363232986101929,True
3143,TCP -20 ,True,30,3.065026353897192,0.9363232986101929,True
3301,calibration,False,30,0.8930089898560367,0.9363232986101929,False
3302,calibration,False,30,0.8221654769216433,0.9363232986101929,False
3303,calibration,False,30,0.989746519388399,0.9363232986101929,True
3304,calibration,False,30,0.7946706749680541,0.9363232986101929,False
3305,calibration,False,30,0.7924386690563758,0.9363232986101929,False
3307,calibration,False,30,0.7927685488250734,0.9363232986101929,False
3308,calibration,False,30,0.7837734685716095,0.9363232986101929,False
3309,calibration,False,30,0.7859334381406755,0.9363232986101929,False
3310,calibration,False,30,0.7857380609073366,0.9363232986101929,False
3311,calibration,False,30,0.7965521635277544,0.9363232986101929,False
3312,calibration,False,30,0.9152514370690195,0.9363232986101929,False
3313,calibration,False,30,0.7256849289472205,0.9363232986101929,False
3314,calibration,False,30,0.7590383066258193,0.9363232986101929,False
3315,calibration,False,30,0.7736357648436234,0.9363232986101929,False
3316,calibration,False,30,0.7676845029943236,0.9363232986101929,False
3317,calibration,False,30,0.768105326215982,0.9363232986101929,False
3318,TCP -15 ,True,30,3.37920435388774,0.9363232986101929,True
3319,Cl2 -10 ,True,30,1.1031665711018155,0.9363232986101929,True
3320,RF -12  ,True,30,1.3150803687490031,0.9363232986101929,True
3321,calibration,False,30,0.9364026906508521,0.9363232986101929,True
3322,calibration,False,30,0.7940512687079322,0.9363232986101929,False
3323,calibration,False,30,0.8291153426769062,0.9363232986101929,False
3324,calibration,False,30,0.8227609870234915,0.9363232986101929,False
3326,calibration,False,30,0.9324330886178909,0.9363232986101929,False
3327,calibration,False,30,0.8759843097324813,0.9363232986101929,False
3328,calibration,False,30,0.8717637437810117,0.9363232986101929,False
3329,calibration,False,30,0.9001842531188485,0.9363232986101929,False
3330,calibration,False,30,0.8875581379757582,0.9363232986101929,False
3331,calibration,False,30,0.9133267337950568,0.9363232986101929,False
3332,calibration,False,30,0.872481174556468,0.9363232986101929,False
3333,calibration,False,30,0.8627181229911081,0.9363232986101929,False
3334,calibration,False,30,0.851453272779328,0.9363232986101929,False
3335,calibration,False,30,0.8594298636264392,0.9363232986101929,False
3336,calibration,False,30,0.8223994501579317,0.9363232986101929,False
3337,calibration,False,30,0.8156990631278704,0.9363232986101929,False
3338,calibration,False,30,0.8312808627494135,0.9363232986101929,False
3339,BCl3 +10,True,30,1.5467721440255287,0.9363232986101929,True
3340,Pr +1   ,True,30,1.5721288012446761,0.9363232986101929,True
3341,TCP +20 ,True,30,2.9111146749828016,0.9363232986101929,True
3342,calibration,False,30,0.9093864617761932,0.9363232986101929,False
3343,calibration,False,30,0.9252903729479781,0.9363232986101929,False
2901,calibration,False,40,1.1427197163738825,1.1409582150660011,True
2903,calibration,False,40,0.7461033032606871,1.1409582150660011,False
2904,calibration,False,40,0.6664815791540435,1.1409582150660011,False
2905,calibration,False,40,0.6624284606730906,1.1409582150660011,False
2906,calibration,False,40,0.6179961539956891,1.1409582150660011,False
2907,calibration,False,40,0.6297465519179488,1.1409582150660011,False
2908,calibration,False,40,0.6588942559796802,1.1409582150660011,False
2909,calibration,False,40,0.5408355491422216,1.1409582150660011,False
2910,calibration,False,40,0.5882877006827301,1.1409582150660011,False
2911,calibration,False,40,0.598101282887002,1.1409582150660011,False
2912,calibration,False,40,0.6144288339062352,1.1409582150660011,False
2913,calibration,False,40,0.6022569207506427,1.1409582150660011,False
2914,calibration,False,40,0.5539013383419314,1.1409582150660011,False
2915,TCP +50 ,True,40,1.7241252265931353,1.1409582150660011,True
2917,RF +10  ,True,40,7745.491275481385,1.1409582150660011,True
2918,Pr +3   ,True,40,5.817627888759893,1.1409582150660011,True
2920,calibration,False,40,0.5463843431016843,1.1409582150660011,False
2921,calibration,False,40,0.5555026602686588,1.1409582150660011,False
2922,calibration,False,40,0.5273471348407109,1.1409582150660011,False
2923,calibration,False,40,0.5255058322604728,1.1409582150660011,False
2924,calibration,False,40,0.5690779901690595,1.1409582150660011,False
2925,calibration,False,40,0.5800193880939357,1.1409582150660011,False
2926,calibration,False,40,0.5108439414342465,1.1409582150660011,False
2927,calibration,False,40,0.5368054217569664,1.1409582150660011,False
2928,calibration,False,40,0.5470962516352859,1.1409582150660011,False
2929,calibration,False,40,0.5170250222266425,1.1409582150660011,False
2930,calibration,False,40,0.5452112412758885,1.1409582150660011,False
2931,calibration,False,40,0.5439287171581495,1.1409582150660011,False
2932,calibration,False,40,0.5230477959589965,1.1409582150660011,False
2933,calibration,False,40,0.5229631810226121,1.1409582150660011,False
2934,calibration,False,40,0.55900401854853,1.1409582150660011,False
2935,calibration,False,40,0.5325183808149639,1.1409582150660011,False
2936,TCP +10 ,True,40,0.785110035890241,1.1409582150660011,False
2937,BCl3 +5 ,True,40,1.406128143774939,1.1409582150660011,True
2938,Pr -2   ,True,40,3.241973821638394,1.1409582150660011,True
2939,Cl2 -5  ,True,40,1.2021584593641812,1.1409582150660011,True
2940,He Chuck,True,40,0.651380262806031,1.1409582150660011,False
2941,calibration,False,40,0.5532359862561285,1.1409582150660011,False
2942,calibration,False,40,0.5017215331934711,1.1409582150660011,False
2943,calibration,False,40,0.545647152291943,1.1409582150660011,False
3101,calibration,False,40,0.9039967022172865,1.1409582150660011,False
3102,calibration,False,40,0.7760095953262433,1.1409582150660011,False
3103,calibration,False,40,0.6887631921162021,1.1409582150660011,False
3104,calibration,False,40,0.6423535162808995,1.1409582150660011,False
3105,calibration,False,40,0.6340036836305118,1.1409582150660011,False
3106,calibration,False,40,0.6001070979375064,1.1409582150660011,False
3107,calibration,False,40,0.6384294832152755,1.1409582150660011,False
3108,calibration,False,40,0.623181189618636,1.1409582150660011,False
3109,calibration,False,40,0.5885566590304503,1.1409582150660011,False
3110,calibration,False,40,0.6130607966715762,1.1409582150660011,False
3111,calibration,False,40,0.6192607163343622,1.1409582150660011,False
3112,calibration,False,40,0.6473987810582141,1.1409582150660011,False
3113,calibration,False,40,0.5940591373919807,1.1409582150660011,False
3114,calibration,False,40,0.6149483930015646,1.1409582150660011,False
3115,calibration,False,40,0.6259602343126032,1.1409582150660011,False
3116,calibration,False,40,0.6190120709750562,1.1409582150660011,False
3117,calibration,False,40,0.651223911284789,1.1409582150660011,False
3118,calibration,False,40,0.6014367784519641,1.1409582150660011,False
3119,calibration,False,40,0.6355643141962382,1.1409582150660011,False
3120,TCP +30 ,True,40,3651.3817005578967,1.1409582150660011,True
3121,Cl2 +5  ,True,40,0.846701751335747,1.1409582150660011,False
3122,RF +8   ,True,40,42.042551159399416,1.1409582150660011,True
3123,calibration,False,40,0.6445478412799863,1.1409582150660011,False
3124,calibration,False,40,0.6082742693877702,1.1409582150660011,False
3126,calibration,False,40,0.5969079162411313,1.1409582150660011,False
3127,calibration,False,40,0.6399132215408226,1.1409582150660011,False
3128,calibration,False,40,0.6462840522241144,1.1409582150660011,False
3129,calibration,False,40,0.5936625159687756,1.1409582150660011,False
3130,calibration,False,40,0.6247144739799251,1.1409582150660011,False
3131,calibration,False,40,0.5951742955867525,1.1409582150660011,False
3132,calibration,False,40,0.5819395734042915,1.1409582150660011,False
3133,calibration,False,40,0.6170381813780649,1.1409582150660011,False
3134,calibration,False,40,0.5917983969368334,1.1409582150660011,False
3135,calibration,False,40,0.6019036882359508,1.1409582150660011,False
3136,calibration,False,40,0.6013013522903503,1.1409582150660011,False
3137,calibration,False,40,0.587985792812513,1.1409582150660011,False
3138,calibration,False,40,0.57526754042449,1.1409582150660011,False
3139,calibration,False,40,0.6378298019820331,1.1409582150660011,False
3140,calibration,False,40,0.6124490616061375,1.1409582150660011,False
3141,BCl3 -5 ,True,40,110.56325899836568,1.1409582150660011,True
3142,Pr +2   ,True,40,3.210998211481802,1.1409582150660011,True
3143,TCP -20 ,True,40,3.9022969338147417,1.1409582150660011,True
3301,calibration,False,40,0.9743463324049012,1.1409582150660011,False
3302,calibration,False,40,0.8940546585826722,1.1409582150660011,False
3303,calibration,False,40,1.1544326207266435,1.1409582150660011,True
3304,calibration,False,40,0.8618720563518605,1.1409582150660011,False
3305,calibration,False,40,0.8630985936835187,1.1409582150660011,False
3307,calibration,False,40,0.8559119371326442,1.1409582150660011,False
3308,calibration,False,40,0.8572314106837209,1.1409582150660011,False
3309,calibration,False,40,0.8443435822645429,1.1409582150660011,False
3310,calibration,False,40,0.8735554090437876,1.1409582150660011,False
3311,calibration,False,40,0.8633566755722963,1.1409582150660011,False
3312,calibration,False,40,0.9620860230272612,1.1409582150660011,False
3313,calibration,False,40,0.823137992092598,1.1409582150660011,False
3314,calibration,False,40,0.8391939540281783,1.1409582150660011,False
3315,calibration,False,40,0.854048103718259,1.1409582150660011,False
3316,calibration,False,40,0.8505776901669333,1.1409582150660011,False
3317,calibration,False,40,0.8383996865011756,1.1409582150660011,False
3318,TCP -15 ,True,40,20.79207418579156,1.1409582150660011,True
3319,Cl2 -10 ,True,40,1.3663130303520563,1.1409582150660011,True
3320,RF -12  ,True,40,1.6556052977260958,1.1409582150660011,True
3321,calibration,False,40,1.0176081628533442,1.1409582150660011,False
3322,calibration,False,40,0.907532453678226,1.1409582150660011,False
3323,calibration,False,40,0.9225141185080296,1.1409582150660011,False
3324,calibration,False,40,0.9561699368395592,1.1409582150660011,False
3326,calibration,False,40,1.0546446509797938,1.1409582150660011,False
3327,calibration,False,40,0.9977876296975652,1.1409582150660011,False
3328,calibration,False,40,0.9990870200894804,1.1409582150660011,False
3329,calibration,False,40,1.0289563323023114,1.1409582150660011,False
3330,calibration,False,40,1.0057334841191738,1.1409582150660011,False
3331,calibration,False,40,1.0065801942129984,1.1409582150660011,False
3332,calibration,False,40,1.0139192320275974,1.1409582150660011,False
3333,calibration,False,40,0.9889227675284307,1.1409582150660011,False
3334,calibration,False,40,0.9683853687244199,1.1409582150660011,False
3335,calibration,False,40,0.9893749401610208,1.1409582150660011,False
3336,calibration,False,40,0.966995409217551,1.1409582150660011,False
3337,calibration,False,40,0.9347055029417133,1.1409582150660011,False
3338,calibration,False,40,0.957591522800964,1.1409582150660011,False
3339,BCl3 +10,True,40,1.8588592855245278,1.1409582150660011,True
3340,Pr +1   ,True,40,1.8955762499155797,1.1409582150660011,True
3341,TCP +20 ,True,40,3.7523291839742186,1.1409582150660011,True
3342,calibration,False,40,1.044315515157693,1.1409582150660011,False
3343,calibration,False,40,1.0147754356377925,1.1409582150660011,False
2901,calibration,False,50,1.271312565989172,1.268184017288964,True
2903,calibration,False,50,0.8067421977257792,1.268184017288964,False
2904,calibration,False,50,0.7662924710188365,1.268184017288964,False
2905,calibration,False,50,0.7430450055877557,1.268184017288964,False
2906,calibration,False,50,0.686571797018318,1.268184017288964,False
2907,calibration,False,50,0.7079831067583896,1.268184017288964,False
2908,calibration,False,50,0.7417935214292817,1.268184017288964,False
2909,calibration,False,50,0.6046484123137276,1.268184017288964,False
2910,calibration,False,50,0.6359116712211335,1.268184017288964,False
2911,calibration,False,50,0.6413957863104709,1.268184017288964,False
2912,calibration,False,50,0.6949866431720519,1.268184017288964,False
2913,calibration,False,50,0.6853137192001939,1.268184017288964,False
2914,calibration,False,50,0.6336726773738,1.268184017288964,False
2915,TCP +50 ,True,50,2.0261561818020377,1.268184017288964,True
2917,RF +10  ,True,50,7747.111903185072,1.268184017288964,True
2918,Pr +3   ,True,50,6.794369942651498,1.268184017288964,True
2920,calibration,False,50,0.6121649423903611,1.268184017288964,False
2921,calibration,False,50,0.6193820696439047,1.268184017288964,False
2922,calibration,False,50,0.5533914729024415,1.268184017288964,False
2923,calibration,False,50,0.5706704794807188,1.268184017288964,False
2924,calibration,False,50,0.5654587712309456,1.268184017288964,False
2925,calibration,False,50,0.630199148701726,1.268184017288964,False
2926,calibration,False,50,0.5868030399955937,1.268184017288964,False
2927,calibration,False,50,0.5617603911379199,1.268184017288964,False
2928,calibration,False,50,0.624574733025809,1.268184017288964,False
2929,calibration,False,50,0.5352703248473973,1.268184017288964,False
2930,calibration,False,50,0.6234541994718772,1.268184017288964,False
2931,calibration,False,50,0.6113817265817576,1.268184017288964,False
2932,calibration,False,50,0.5519158010070837,1.268184017288964,False
2933,calibration,False,50,0.5498769637592001,1.268184017288964,False
2934,calibration,False,50,0.6304414914883262,1.268184017288964,False
2935,calibration,False,50,0.595464692830296,1.268184017288964,False
2936,TCP +10 ,True,50,0.9117619094234525,1.268184017288964,False
2937,BCl3 +5 ,True,50,1.605196985965838,1.268184017288964,True
2938,Pr -2   ,True,50,3.8856420077215,1.268184017288964,True
2939,Cl2 -5  ,True,50,1.37422930057889,1.268184017288964,True
2940,He Chuck,True,50,0.7834739340785897,1.268184017288964,False
2941,calibration,False,50,0.5832238179681393,1.268184017288964,False
2942,calibration,False,50,0.5747985229476229,1.268184017288964,False
2943,calibration,False,50,0.5535645641205852,1.268184017288964,False
3101,calibration,False,50,0.9010042912819486,1.268184017288964,False
3102,calibration,False,50,0.8213938845461299,1.268184017288964,False
3103,calibration,False,50,0.7346573286838258,1.268184017288964,False
3104,calibration,False,50,0.7026386328103131,1.268184017288964,False
3105,calibration,False,50,0.6859264920388499,1.268184017288964,False
3106,calibration,False,50,0.6415848717417767,1.268184017288964,False
3107,calibration,False,50,0.6483345036701632,1.268184017288964,False
3108,calibration,False,50,0.6283825350034472,1.268184017288964,False
3109,calibration,False,50,0.6167552435329138,1.268184017288964,False
3110,calibration,False,50,0.6107479044527764,1.268184017288964,False
3111,calibration,False,50,0.6583532970588168,1.268184017288964,False
3112,calibration,False,50,0.6766144901677015,1.268184017288964,False
3113,calibration,False,50,0.6382384679815984,1.268184017288964,False
3114,calibration,False,50,0.6190732358380735,1.268184017288964,False
3115,calibration,False,50,0.6694141596031544,1.268184017288964,False
3116,calibration,False,50,0.667430830330378,1.268184017288964,False
3117,calibration,False,50,0.6530449842769575,1.268184017288964,False
3118,calibration,False,50,0.6140697212864348,1.268184017288964,False
3119,calibration,False,50,0.6687570181931208,1.268184017288964,False
3120,TCP +30 ,True,50,3651.927110303427,1.268184017288964,True
3121,Cl2 +5  ,True,50,1.0325787020772677,1.268184017288964,False
3122,RF +8   ,True,50,43.16797095238432,1.268184017288964,True
3123,calibration,False,50,0.6830087083623985,1.268184017288964,False
3124,calibration,False,50,0.6219553116883291,1.268184017288964,False
3126,calibration,False,50,0.6179474543992234,1.268184017288964,False
3127,calibration,False,50,0.6612158112077127,1.268184017288964,False
3128,calibration,False,50,0.6716577698668029,1.268184017288964,False
3129,calibration,False,50,0.6465891928841859,1.268184017288964,False
3130,calibration,False,50,0.6468180908884102,1.268184017288964,False
3131,calibration,False,50,0.5971160994575182,1.268184017288964,False
3132,calibration,False,50,0.607696192161564,1.268184017288964,False
3133,calibration,False,50,0.6644759494778528,1.268184017288964,False
3134,calibration,False,50,0.6132896980421529,1.268184017288964,False
3135,calibration,False,50,0.6192551455916546,1.268184017288964,False
3136,calibration,False,50,0.6538547798886091,1.268184017288964,False
3137,calibration,False,50,0.6281880322710565,1.268184017288964,False
3138,calibration,False,50,0.6029974584467546,1.268184017288964,False
3139,calibration,False,50,0.6679647161189843,1.268184017288964,False
3140,calibration,False,50,0.6156126545533807,1.268184017288964,False
3141,BCl3 -5 ,True,50,136.1213598193982,1.268184017288964,True
3142,Pr +2   ,True,50,3.858815015207326,1.268184017288964,True
3143,TCP -20 ,True,50,4.527785895750792,1.268184017288964,True
3301,calibration,False,50,0.9899994734011119,1.268184017288964,False
3302,calibration,False,50,0.9132512229030019,1.268184017288964,False
3303,calibration,False,50,1.3237275407404554,1.268184017288964,True
3304,calibration,False,50,0.868444308800223,1.268184017288964,False
3305,calibration,False,50,0.863912382279322,1.268184017288964,False
3307,calibration,False,50,0.8583288328204117,1.268184017288964,False
3308,calibration,False,50,0.8742160349125387,1.268184017288964,False
3309,calibration,False,50,0.8497709036342553,1.268184017288964,False
3310,calibration,False,50,0.879832435387679,1.268184017288964,False
3311,calibration,False,50,0.8635472855853502,1.268184017288964,False
3312,calibration,False,50,0.9440522542514208,1.268184017288964,False
3313,calibration,False,50,0.848556313155606,1.268184017288964,False
3314,calibration,False,50,0.8613854747632945,1.268184017288964,False
3315,calibration,False,50,0.8684420656301928,1.268184017288964,False
3316,calibration,False,50,0.8856028888684209,1.268184017288964,False
3317,calibration,False,50,0.8507109297149151,1.268184017288964,False
3318,TCP -15 ,True,50,21.21844783387716,1.268184017288964,True
3319,Cl2 -10 ,True,50,1.5192994744685748,1.268184017288964,True
3320,RF -12  ,True,50,1.8799151993067396,1.268184017288964,True
3321,calibration,False,50,1.0101957631609042,1.268184017288964,False
3322,calibration,False,50,0.936813655205883,1.268184017288964,False
3323,calibration,False,50,0.9464937197337298,1.268184017288964,False
3324,calibration,False,50,1.0307726617796846,1.268184017288964,False
3326,calibration,False,50,1.089754840341255,1.268184017288964,False
3327,calibration,False,50,1.0540110359568664,1.268184017288964,False
3328,calibration,False,50,1.0212465833896553,1.268184017288964,False
3329,calibration,False,50,1.0916506427124706,1.268184017288964,False
3330,calibration,False,50,1.0596362874159055,1.268184017288964,False
3331,calibration,False,50,1.0184658394119976,1.268184017288964,False
3332,calibration,False,50,1.0845479654953345,1.268184017288964,False
3333,calibration,False,50,1.0541736015258345,1.268184017288964,False
3334,calibration,False,50,1.0213797308025434,1.268184017288964,False
3335,calibration,False,50,1.0510808789005437,1.268184017288964,False
3336,calibration,False,50,1.0403016610832545,1.268184017288964,False
3337,calibration,False,50,0.9702074586044329,1.268184017288964,False
3338,calibration,False,50,1.0203582337370696,1.268184017288964,False
3339,BCl3 +10,True,50,2.187347596977578,1.268184017288964,True
3340,Pr +1   ,True,50,2.1399447769390187,1.268184017288964,True
3341,TCP +20 ,True,50,4.278954012991148,1.268184017288964,True
3342,calibration,False,50,1.1148851309787466,1.268184017288964,False
3343,calibration,False,50,1.0227599310081654,1.268184017288964,False
2901,calibration,False,60,1.8090971472370168,1.3076732693382842,True
2903,calibration,False,60,0.8823925035289473,1.3076732693382842,False
2904,calibration,False,60,0.8405133626255942,1.3076732693382842,False
2905,calibration,False,60,0.8296279953846668,1.3076732693382842,False
2906,calibration,False,60,0.7568685647819012,1.3076732693382842,False
2907,calibration,False,60,0.7732461217439928,1.3076732693382842,False
2908,calibration,False,60,0.8111187320125524,1.3076732693382842,False
2909,calibration,False,60,0.6477296175071232,1.3076732693382842,False
2910,calibration,False,60,0.6401722272587017,1.3076732693382842,False
2911,calibration,False,60,0.6430067762223117,1.3076732693382842,False
2912,calibration,False,60,0.7359507781839167,1.3076732693382842,False
2913,calibration,False,60,0.7382057678214708,1.3076732693382842,False
2914,calibration,False,60,0.6936946093814418,1.3076732693382842,False
2915,TCP +50 ,True,60,2.322865354202322,1.3076732693382842,True
2917,RF +10  ,True,60,7749.517914300523,1.3076732693382842,True
2918,Pr +3   ,True,60,7.790554970312954,1.3076732693382842,True
2920,calibration,False,60,0.6425889522905905,1.3076732693382842,False
2921,calibration,False,60,0.6750027898409396,1.3076732693382842,False
2922,calibration,False,60,0.5463927472327086,1.3076732693382842,False
2923,calibration,False,60,0.6022608517232007,1.3076732693382842,False
2924,calibration,False,60,0.5276290687237533,1.3076732693382842,False
2925,calibration,False,60,0.6508057984767075,1.3076732693382842,False
2926,calibration,False,60,0.6550275790996024,1.3076732693382842,False
2927,calibration,False,60,0.5563992885318964,1.3076732693382842,False
2928,calibration,False,60,0.6827707680180417,1.3076732693382842,False
2929,calibration,False,60,0.5407083187908848,1.3076732693382842,False
2930,calibration,False,60,0.6757242852454108,1.3076732693382842,False
2931,calibration,False,60,0.6651190251266121,1.3076732693382842,False
2932,calibration,False,60,0.5421631659010171,1.3076732693382842,False
2933,calibration,False,60,0.5464158425955983,1.3076732693382842,False
2934,calibration,False,60,0.6739546086751135,1.3076732693382842,False
2935,calibration,False,60,0.6605874835440354,1.3076732693382842,False
2936,TCP +10 ,True,60,1.0622789196513565,1.3076732693382842,False
2937,BCl3 +5 ,True,60,1.8273868690300281,1.3076732693382842,True
2938,Pr -2   ,True,60,4.770740547208258,1.3076732693382842,True
2939,Cl2 -5  ,True,60,1.5891018699360113,1.3076732693382842,True
2940,He Chuck,True,60,0.9236882298570669,1.3076732693382842,False
2941,calibration,False,60,0.5821309610306089,1.3076732693382842,False
2942,calibration,False,60,0.624879293099701,1.3076732693382842,False
2943,calibration,False,60,0.525995558250407,1.3076732693382842,False
3101,calibration,False,60,0.8402113071937666,1.3076732693382842,False
3102,calibration,False,60,0.8149485054484726,1.3076732693382842,False
3103,calibration,False,60,0.7595629094230973,1.3076732693382842,False
3104,calibration,False,60,0.7204029418402285,1.3076732693382842,False
3105,calibration,False,60,0.7335346153662963,1.3076732693382842,False
3106,calibration,False,60,0.6643221905851522,1.3076732693382842,False
3107,calibration,False,60,0.6130217231394839,1.3076732693382842,False
3108,calibration,False,60,0.5947204518712177,1.3076732693382842,False
3109,calibration,False,60,0.5900526011286878,1.3076732693382842,False
3110,calibration,False,60,0.5432962541314135,1.3076732693382842,False
3111,calibration,False,60,0.6902840236925527,1.3076732693382842,False
3112,calibration,False,60,0.6652666938465893,1.3076732693382842,False
3113,calibration,False,60,0.6439011394756409,1.3076732693382842,False
3114,calibration,False,60,0.5741959127367382,1.3076732693382842,False
3115,calibration,False,60,0.6953728518418647,1.3076732693382842,False
3116,calibration,False,60,0.6883984459945122,1.3076732693382842,False
3117,calibration,False,60,0.6144657117452166,1.3076732693382842,False
3118,calibration,False,60,0.5886704995896692,1.3076732693382842,False
3119,calibration,False,60,0.6830464333028287,1.3076732693382842,False
3120,TCP +30 ,True,60,3652.754849871566,1.3076732693382842,True
3121,Cl2 +5  ,True,60,1.154972282116189,1.3076732693382842,False
3122,RF +8   ,True,60,43.30241755476929,1.3076732693382842,True
3123,calibration,False,60,0.6621436014437203,1.3076732693382842,False
3124,calibration,False,60,0.5789018618836028,1.3076732693382842,False
3126,calibration,False,60,0.5641515463100032,1.3076732693382842,False
3127,calibration,False,60,0.6288252234828003,1.3076732693382842,False
3128,calibration,False,60,0.6822261178644053,1.3076732693382842,False
3129,calibration,False,60,0.6744548893905999,1.3076732693382842,False
3130,calibration,False,60,0.648988083950162,1.3076732693382842,False
3131,calibration,False,60,0.562870555138909,1.3076732693382842,False
3132,calibration,False,60,0.5943055444247036,1.3076732693382842,False
3133,calibration,False,60,0.6756493933017924,1.3076732693382842,False
3134,calibration,False,60,0.5881016059023074,1.3076732693382842,False
3135,calibration,False,60,0.5853312871781164,1.3076732693382842,False
3136,calibration,False,60,0.6883404361470851,1.3076732693382842,False
3137,calibration,False,60,0.599554159167921,1.3076732693382842,False
3138,calibration,False,60,0.5829956809771701,1.3076732693382842,False
3139,calibration,False,60,0.6800266981744043,1.3076732693382842,False
3140,calibration,False,60,0.5908885295110333,1.3076732693382842,False
3141,BCl3 -5 ,True,60,166.36894907406145,1.3076732693382842,True
3142,Pr +2   ,True,60,4.335433522570391,1.3076732693382842,True
3143,TCP -20 ,True,60,5.149224705772934,1.3076732693382842,True
3301,calibration,False,60,0.9361940121923442,1.3076732693382842,False
3302,calibration,False,60,0.8422097330181635,1.3076732693382842,False
3303,calibration,False,60,1.3122623469397419,1.3076732693382842,True
3304,calibration,False,60,0.8146946391106132,1.3076732693382842,False
3305,calibration,False,60,0.8168099548086472,1.3076732693382842,False
3307,calibration,False,60,0.7941528818300858,1.3076732693382842,False
3308,calibration,False,60,0.8201721186786338,1.3076732693382842,False
3309,calibration,False,60,0.7875867764595488,1.3076732693382842,False
3310,calibration,False,60,0.8324122174591012,1.3076732693382842,False
3311,calibration,False,60,0.8077932919617039,1.3076732693382842,False
3312,calibration,False,60,0.8445557103580539,1.3076732693382842,False
3313,calibration,False,60,0.8056940137441824,1.3076732693382842,False
3314,calibration,False,60,0.8334536256028917,1.3076732693382842,False
3315,calibration,False,60,0.838762697158608,1.3076732693382842,False
3316,calibration,False,60,0.8651828230756995,1.3076732693382842,False
3317,calibration,False,60,0.8103146044438506,1.3076732693382842,False
3318,TCP -15 ,True,60,21.517671903716035,1.3076732693382842,True
3319,Cl2 -10 ,True,60,1.7143887824016693,1.3076732693382842,True
3320,RF -12  ,True,60,2.1247553907202565,1.3076732693382842,True
3321,calibration,False,60,0.9236253923496978,1.3076732693382842,False
3322,calibration,False,60,0.910665778962899,1.3076732693382842,False
3323,calibration,False,60,0.9075011117198303,1.3076732693382842,False
3324,calibration,False,60,1.0300876883384822,1.3076732693382842,False
3326,calibration,False,60,1.038584035057078,1.3076732693382842,False
3327,calibration,False,60,1.011874242019693,1.3076732693382842,False
3328,calibration,False,60,0.9698106815931944,1.3076732693382842,False
3329,calibration,False,60,1.0567480718470896,1.3076732693382842,False
3330,calibration,False,60,1.0129950447183333,1.3076732693382842,False
3331,calibration,False,60,0.9470017782780296,1.3076732693382842,False
3332,calibration,False,60,1.0828084668668128,1.3076732693382842,False
3333,calibration,False,60,1.0366176590464347,1.3076732693382842,False
3334,calibration,False,60,0.9882938830597994,1.3076732693382842,False
3335,calibration,False,60,1.044531003780955,1.3076732693382842,False
3336,calibration,False,60,1.0260093642657189,1.3076732693382842,False
3337,calibration,False,60,0.9274164792301486,1.3076732693382842,False
3338,calibration,False,60,0.9975718572867539,1.3076732693382842,False
3339,BCl3 +10,True,60,2.439079758084448,1.3076732693382842,True
3340,Pr +1   ,True,60,2.3477747003115503,1.3076732693382842,True
3341,TCP +20 ,True,60,4.7825209640792625,1.3076732693382842,True
3342,calibration,False,60,1.0775478124706388,1.3076732693382842,False
3343,calibration,False,60,0.9521265063033588,1.3076732693382842,False
2901,calibration,False,70,1.8126019501073638,1.2369539501236109,True
2903,calibration,False,70,0.84979148208739,1.2369539501236109,False
2904,calibration,False,70,0.8558317207671601,1.2369539501236109,False
2905,calibration,False,70,0.8456100617540547,1.2369539501236109,False
2906,calibration,False,70,0.7546740447239431,1.2369539501236109,False
2907,calibration,False,70,0.8250010365363396,1.2369539501236109,False
2908,calibration,False,70,0.8557513428364751,1.2369539501236109,False
2909,calibration,False,70,0.6663603005194352,1.2369539501236109,False
2910,calibration,False,70,0.5793776882547179,1.2369539501236109,False
2911,calibration,False,70,0.619655107252338,1.2369539501236109,False
2912,calibration,False,70,0.7644408835195358,1.2369539501236109,False
2913,calibration,False,70,0.7663343702354974,1.2369539501236109,False
2914,calibration,False,70,0.7286228910622119,1.2369539501236109,False
2915,TCP +50 ,True,70,2.5877926646982212,1.2369539501236109,True
2917,RF +10  ,True,70,7757.295222483703,1.2369539501236109,True
2918,Pr +3   ,True,70,8.525933623127901,1.2369539501236109,True
2920,calibration,False,70,0.6469896248327572,1.2369539501236109,False
2921,calibration,False,70,0.6859599743084559,1.2369539501236109,False
2922,calibration,False,70,0.489151607556805,1.2369539501236109,False
2923,calibration,False,70,0.6167823856028543,1.2369539501236109,False
2924,calibration,False,70,0.46749491074209276,1.2369539501236109,False
2925,calibration,False,70,0.6481263540516449,1.2369539501236109,False
2926,calibration,False,70,0.6761055334405938,1.2369539501236109,False
2927,calibration,False,70,0.517516123996707,1.2369539501236109,False
2928,calibration,False,70,0.7275526741447913,1.2369539501236109,False
2929,calibration,False,70,0.49707057914086206,1.2369539501236109,False
2930,calibration,False,70,0.7023522188871012,1.2369539501236109,False
2931,calibration,False,70,0.6848391861141676,1.2369539501236109,False
2932,calibration,False,70,0.4810361336450446,1.2369539501236109,False
2933,calibration,False,70,0.5135339149004712,1.2369539501236109,False
2934,calibration,False,70,0.6937494311961294,1.2369539501236109,False
2935,calibration,False,70,0.6908551974841304,1.2369539501236109,False
2936,TCP +10 ,True,70,1.1400474618254335,1.2369539501236109,False
2937,BCl3 +5 ,True,70,2.063920468740627,1.2369539501236109,True
2938,Pr -2   ,True,70,5.334568953631702,1.2369539501236109,True
2939,Cl2 -5  ,True,70,1.7298911695457835,1.2369539501236109,True
2940,He Chuck,True,70,1.0658079593101828,1.2369539501236109,False
2941,calibration,False,70,0.5588498815657008,1.2369539501236109,False
2942,calibration,False,70,0.663705881709592,1.2369539501236109,False
2943,calibration,False,70,0.4743273534899657,1.2369539501236109,False
3101,calibration,False,70,0.7196487250119863,1.2369539501236109,False
3102,calibration,False,70,0.7615860756551422,1.2369539501236109,False
3103,calibration,False,70,0.6974854888194648,1.2369539501236109,False
3104,calibration,False,70,0.7172497663836486,1.2369539501236109,False
3105,calibration,False,70,0.7331506506755003,1.2369539501236109,False
3106,calibration,False,70,0.6335299702647015,1.2369539501236109,False
3107,calibration,False,70,0.5333804203566294,1.2369539501236109,False
3108,calibration,False,70,0.501040768772812,1.2369539501236109,False
3109,calibration,False,70,0.5174030701591321,1.2369539501236109,False
3110,calibration,False,70,0.44432727722294746,1.2369539501236109,False
3111,calibration,False,70,0.6804493313711761,1.2369539501236109,False
3112,calibration,False,70,0.5856615810493817,1.2369539501236109,False
3113,calibration,False,70,0.5996225269593106,1.2369539501236109,False
3114,calibration,False,70,0.4888476070252251,1.2369539501236109,False
3115,calibration,False,70,0.6759282179490929,1.2369539501236109,False
3116,calibration,False,70,0.6697506648971481,1.2369539501236109,False
3117,calibration,False,70,0.5198760069282174,1.2369539501236109,False
3118,calibration,False,70,0.5025261103770551,1.2369539501236109,False
3119,calibration,False,70,0.6575055688533964,1.2369539501236109,False
3120,TCP +30 ,True,70,3654.397710623344,1.2369539501236109,True
3121,Cl2 +5  ,True,70,1.2552375877022572,1.2369539501236109,True
3122,RF +8   ,True,70,43.46538012139457,1.2369539501236109,True
3123,calibration,False,70,0.5780194651074991,1.2369539501236109,False
3124,calibration,False,70,0.49251501918371826,1.2369539501236109,False
3126,calibration,False,70,0.47405728567909444,1.2369539501236109,False
3127,calibration,False,70,0.5215232327448941,1.2369539501236109,False
3128,calibration,False,70,0.6053987924856422,1.2369539501236109,False
3129,calibration,False,70,0.6649147002045104,1.2369539501236109,False
3130,calibration,False,70,0.5830659665205811,1.2369539501236109,False
3131,calibration,False,70,0.4713711364557409,1.2369539501236109,False
3132,calibration,False,70,0.48276250174865787,1.2369539501236109,False
3133,calibration,False,70,0.6368854939819184,1.2369539501236109,False
3134,calibration,False,70,0.5044392524264518,1.2369539501236109,False
3135,calibration,False,70,0.4873023608171094,1.2369539501236109,False
3136,calibration,False,70,0.6767089457150097,1.2369539501236109,False
3137,calibration,False,70,0.5324623495824752,1.2369539501236109,False
3138,calibration,False,70,0.5190613932174721,1.2369539501236109,False
3139,calibration,False,70,0.6643099544261055,1.2369539501236109,False
3140,calibration,False,70,0.5134710081441951,1.2369539501236109,False
3141,BCl3 -5 ,True,70,190.19025010286424,1.2369539501236109,True
3142,Pr +2   ,True,70,4.903766524531033,1.2369539501236109,True
3143,TCP -20 ,True,70,5.877814953622798,1.2369539501236109,True
3301,calibration,False,70,0.8202627475636668,1.2369539501236109,False
3302,calibration,False,70,0.7065677622814048,1.2369539501236109,False
3303,calibration,False,70,1.2408251167897084,1.2369539501236109,True
3304,calibration,False,70,0.7347099739269025,1.2369539501236109,False
3305,calibration,False,70,0.714156615764155,1.2369539501236109,False
3307,calibration,False,70,0.6789229863760253,1.2369539501236109,False
3308,calibration,False,70,0.7157054929130078,1.2369539501236109,False
3309,calibration,False,70,0.683631848099556,1.2369539501236109,False
3310,calibration,False,70,0.7284711308028339,1.2369539501236109,False
3311,calibration,False,70,0.7063499241076721,1.2369539501236109,False
3312,calibration,False,70,0.6521310937948657,1.2369539501236109,False
3313,calibration,False,70,0.7138990313302755,1.2369539501236109,False
3314,calibration,False,70,0.7437454487319533,1.2369539501236109,False
3315,calibration,False,70,0.7252081320097051,1.2369539501236109,False
3316,calibration,False,70,0.755400464730525,1.2369539501236109,False
3317,calibration,False,70,0.6892162463812276,1.2369539501236109,False
3318,TCP -15 ,True,70,21.996363609258793,1.2369539501236109,True
3319,Cl2 -10 ,True,70,1.807653492829091,1.2369539501236109,True
3320,RF -12  ,True,70,2.3501429723158545,1.2369539501236109,True
3321,calibration,False,70,0.7897224454434252,1.2369539501236109,False
3322,calibration,False,70,0.8455702070707701,1.2369539501236109,False
3323,calibration,False,70,0.8377886767143237,1.2369539501236109,False
3324,calibration,False,70,0.9713489026641509,1.2369539501236109,False
3326,calibration,False,70,0.9570527729670821,1.2369539501236109,False
3327,calibration,False,70,0.9151787197322448,1.2369539501236109,False
3328,calibration,False,70,0.8497827535766391,1.2369539501236109,False
3329,calibration,False,70,0.9477597183080159,1.2369539501236109,False
3330,calibration,False,70,0.9244140030944217,1.2369539501236109,False
3331,calibration,False,70,0.8095504960595822,1.2369539501236109,False
3332,calibration,False,70,1.0472667834847948,1.2369539501236109,False
3333,calibration,False,70,0.9575311549453178,1.2369539501236109,False
3334,calibration,False,70,0.8988516833346478,1.2369539501236109,False
3335,calibration,False,70,0.945447096970933,1.2369539501236109,False
3336,calibration,False,70,0.952247167015672,1.2369539501236109,False
3337,calibration,False,70,0.8234634762930553,1.2369539501236109,False
3338,calibration,False,70,0.890592162379711,1.2369539501236109,False
3339,BCl3 +10,True,70,2.622981718466567,1.2369539501236109,True
3340,Pr +1   ,True,70,2.456612825848908,1.2369539501236109,True
3341,TCP +20 ,True,70,5.391248019301668,1.2369539501236109,True
3342,calibration,False,70,1.0088105505809857,1.2369539501236109,False
3343,calibration,False,70,0.8242987801307918,1.2369539501236109,False
2901,calibration,False,80,1.7477991466862977,0.857371009047737,True
2903,calibration,False,80,0.7818036799407045,0.857371009047737,False
2904,calibration,False,80,0.826132283939038,0.857371009047737,False
2905,calibration,False,80,0.8005092540599841,0.857371009047737,False
2906,calibration,False,80,0.7061874640081742,0.857371009047737,False
2907,calibration,False,80,0.809224081511337,0.857371009047737,False
2908,calibration,False,80,0.8386962173040102,0.857371009047737,False
2909,calibration,False,80,0.6341717231369993,0.857371009047737,False
2910,calibration,False,80,0.48366274375573043,0.857371009047737,False
2911,calibration,False,80,0.5395548218350708,0.857371009047737,False
2912,calibration,False,80,0.7649990007582126,0.857371009047737,False
2913,calibration,False,80,0.7705865885563955,0.857371009047737,False
2914,calibration,False,80,0.7187406459132446,0.857371009047737,False
2915,TCP +50 ,True,80,2.8053992887057944,0.857371009047737,True
2917,RF +10  ,True,80,7761.039215360132,0.857371009047737,True
2918,Pr +3   ,True,80,21.546096958248356,0.857371009047737,True
2920,calibration,False,80,0.6188162758049335,0.857371009047737,False
2921,calibration,False,80,0.6729586306102149,0.857371009047737,False
2922,calibration,False,80,0.4081108841403609,0.857371009047737,False
2923,calibration,False,80,0.5979766146779477,0.857371009047737,False
2924,calibration,False,80,0.3884391054969488,0.857371009047737,False
2925,calibration,False,80,0.6192027069013317,0.857371009047737,False
2926,calibration,False,80,0.6421719711644642,0.857371009047737,False
2927,calibration,False,80,0.441144905694008,0.857371009047737,False
2928,calibration,False,80,0.7137045638479168,0.857371009047737,False
2929,calibration,False,80,0.4330425180010327,0.857371009047737,False
2930,calibration,False,80,0.695230556090602,0.857371009047737,False
2931,calibration,False,80,0.6831342880046842,0.857371009047737,False
2932,calibration,False,80,0.38703002997940295,0.857371009047737,False
2933,calibration,False,80,0.43847535338686483,0.857371009047737,False
2934,calibration,False,80,0.6846498602921652,0.857371009047737,False
2935,calibration,False,80,0.6849067848256476,0.857371009047737,False
2936,TCP +10 ,True,80,1.238538149283776,0.857371009047737,True
2937,BCl3 +5 ,True,80,2.3140135876595074,0.857371009047737,True
2938,Pr -2   ,True,80,5.962752449952831,0.857371009047737,True
2939,Cl2 -5  ,True,80,1.8187882580656538,0.857371009047737,True
2940,He Chuck,True,80,1.1770407349116248,0.857371009047737,True
2941,calibration,False,80,0.500630662890938,0.857371009047737,False
2942,calibration,False,80,0.6551930448663383,0.857371009047737,False
2943,calibration,False,80,0.35364621867167134,0.857371009047737,False
3101,calibration,False,80,0.5685789522154059,0.857371009047737,False
3102,calibration,False,80,0.6549137912073653,0.857371009047737,False
3103,calibration,False,80,0.6191677531080103,0.857371009047737,False
3104,calibration,False,80,0.6580701938339477,0.857371009047737,False
3105,calibration,False,80,0.7054712883789491,0.857371009047737,False
3106,calibration,False,80,0.5805575960123336,0.857371009047737,False
3107,calibration,False,80,0.41208835491146484,0.857371009047737,False
3108,calibration,False,80,0.37133350681092364,0.857371009047737,False
3109,calibration,False,80,0.4239888101937694,0.857371009047737,False
3110,calibration,False,80,0.34442581287464885,0.857371009047737,False
3111,calibration,False,80,0.6224862360956138,0.857371009047737,False
3112,calibration,False,80,0.47535030986788857,0.857371009047737,False
3113,calibration,False,80,0.5373216220114271,0.857371009047737,False
3114,calibration,False,80,0.3839231780963398,0.857371009047737,False
3115,calibration,False,80,0.6083074348438295,0.857371009047737,False
3116,calibration,False,80,0.6171359839241601,0.857371009047737,False
3117,calibration,False,80,0.4233683208108887,0.857371009047737,False
3118,calibration,False,80,0.38716222487072655,0.857371009047737,False
3119,calibration,False,80,0.5882806914893532,0.857371009047737,False
3120,TCP +30 ,True,80,3655.7015338345614,0.857371009047737,True
3121,Cl2 +5  ,True,80,1.4100438563603106,0.857371009047737,True
3122,RF +8   ,True,80,43.57731931676879,0.857371009047737,True
3123,calibration,False,80,0.48202904106429795,0.857371009047737,False
3124,calibration,False,80,0.40270055257355286,0.857371009047737,False
3126,calibration,False,80,0.3870455236847534,0.857371009047737,False
3127,calibration,False,80,0.40354107865056543,0.857371009047737,False
3128,calibration,False,80,0.48837939642399436,0.857371009047737,False
3129,calibration,False,80,0.5994997376543936,0.857371009047737,False
3130,calibration,False,80,0.48087916568212874,0.857371009047737,False
3131,calibration,False,80,0.35650198659937543,0.857371009047737,False
3132,calibration,False,80,0.36970664303767314,0.857371009047737,False
3133,calibration,False,80,0.5535187445019647,0.857371009047737,False
3134,calibration,False,80,0.3776747685336498,0.857371009047737,False
3135,calibration,False,80,0.3941436037323789,0.857371009047737,False
3136,calibration,False,80,0.6010593821548909,0.857371009047737,False
3137,calibration,False,80,0.4027797390289665,0.857371009047737,False
3138,calibration,False,80,0.4177277267151229,0.857371009047737,False
3139,calibration,False,80,0.5734359580808622,0.857371009047737,False
3140,calibration,False,80,0.40548923687524124,0.857371009047737,False
3141,BCl3 -5 ,True,80,214.0035864388045,0.857371009047737,True
3142,Pr +2   ,True,80,17.910173939164373,0.857371009047737,True
3143,TCP -20 ,True,80,6.790682825167632,0.857371009047737,True
3301,calibration,False,80,0.6456082283939378,0.857371009047737,False
3302,calibration,False,80,0.5288602564980982,0.857371009047737,False
3303,calibration,False,80,0.654239813565905,0.857371009047737,False
3304,calibration,False,80,0.5789231489452287,0.857371009047737,False
3305,calibration,False,80,0.5546333653192392,0.857371009047737,False
3307,calibration,False,80,0.5318614254850322,0.857371009047737,False
3308,calibration,False,80,0.5708579243068673,0.857371009047737,False
3309,calibration,False,80,0.5435352058671195,0.857371009047737,False
3310,calibration,False,80,0.5855702339476048,0.857371009047737,False
3311,calibration,False,80,0.5796178393054989,0.857371009047737,False
3312,calibration,False,80,0.44081500333031454,0.857371009047737,False
3313,calibration,False,80,0.5426640350433205,0.857371009047737,False
3314,calibration,False,80,0.5865324137829546,0.857371009047737,False
3315,calibration,False,80,0.5816655834008424,0.857371009047737,False
3316,calibration,False,80,0.6177138958373047,0.857371009047737,False
3317,calibration,False,80,0.5169918966932978,0.857371009047737,False
3318,TCP -15 ,True,80,22.443496663066362,0.857371009047737,True
3319,Cl2 -10 ,True,80,1.874301653184791,0.857371009047737,True
3320,RF -12  ,True,80,2.564120207488182,0.857371009047737,True
3321,calibration,False,80,0.5988284853755095,0.857371009047737,False
3322,calibration,False,80,0.694783670322368,0.857371009047737,False
3323,calibration,False,80,0.6707750616191628,0.857371009047737,False
3324,calibration,False,80,0.8577521272465884,0.857371009047737,True
3326,calibration,False,80,0.6706662116546229,0.857371009047737,False
3327,calibration,False,80,0.6800672918161837,0.857371009047737,False
3328,calibration,False,80,0.6706721431646535,0.857371009047737,False
3329,calibration,False,80,0.6903285010448836,0.857371009047737,False
3330,calibration,False,80,0.6737088561217353,0.857371009047737,False
3331,calibration,False,80,0.6205668291532491,0.857371009047737,False
3332,calibration,False,80,0.7917887255690357,0.857371009047737,False
3333,calibration,False,80,0.8029133544669103,0.857371009047737,False
3334,calibration,False,80,0.7417525119431574,0.857371009047737,False
3335,calibration,False,80,0.7943294906861761,0.857371009047737,False
3336,calibration,False,80,0.6962527265239596,0.857371009047737,False
3337,calibration,False,80,0.6639881207753138,0.857371009047737,False
3338,calibration,False,80,0.7501830977685024,0.857371009047737,False
3339,BCl3 +10,True,80,2.683130060320598,0.857371009047737,True
3340,Pr +1   ,True,80,2.477281917374821,0.857371009047737,True
3341,TCP +20 ,True,80,6.208504038489893,0.857371009047737,True
3342,calibration,False,80,0.7321179185873692,0.857371009047737,False
3343,calibration,False,80,0.6278934866252852,0.857371009047737,False
2901,calibration,False,90,1.804736539296895,0.6976661649001294,True
2903,calibration,False,90,0.1805846511272688,0.6976661649001294,False
2904,calibration,False,90,0.6015520996436177,0.6976661649001294,False
2905,calibration,False,90,0.5385556558141832,0.6976661649001294,False
2906,calibration,False,90,0.47527124131446763,0.6976661649001294,False
2907,calibration,False,90,0.6531979973127792,0.6976661649001294,False
2908,calibration,False,90,0.6874537874054545,0.6976661649001294,False
2909,calibration,False,90,0.4983648446962303,0.6976661649001294,False
2910,calibration,False,90,0.3137506191497839,0.6976661649001294,False
2911,calibration,False,90,0.38688155760863674,0.6976661649001294,False
2912,calibration,False,90,0.6665123144284082,0.6976661649001294,False
2913,calibration,False,90,0.6622763079129457,0.6976661649001294,False
2914,calibration,False,90,0.6376851075267077,0.6976661649001294,False
2915,TCP +50 ,True,90,2.9351921092581477,0.6976661649001294,True
2917,RF +10  ,True,90,7767.301814610787,0.6976661649001294,True
2918,Pr +3   ,True,90,21.986690041494757,0.6976661649001294,True
2920,calibration,False,90,0.5728649608909788,0.6976661649001294,False
2921,calibration,False,90,0.5943649195547944,0.6976661649001294,False
2922,calibration,False,90,0.28483191200773955,0.6976661649001294,False
2923,calibration,False,90,0.5339142760715851,0.6976661649001294,False
2924,calibration,False,90,0.2658318529790211,0.6976661649001294,False
2925,calibration,False,90,0.5611434702527013,0.6976661649001294,False
2926,calibration,False,90,0.5786647780315132,0.6976661649001294,False
2927,calibration,False,90,0.3195669319622619,0.6976661649001294,False
2928,calibration,False,90,0.6717333892347626,0.6976661649001294,False
2929,calibration,False,90,0.31753034806654945,0.6976661649001294,False
2930,calibration,False,90,0.6442326170328431,0.6976661649001294,False
2931,calibration,False,90,0.6482312237339621,0.6976661649001294,False
2932,calibration,False,90,0.27283206900481294,0.6976661649001294,False
2933,calibration,False,90,0.345156039628586,0.6976661649001294,False
2934,calibration,False,90,0.630476839425182,0.6976661649001294,False
2935,calibration,False,90,0.6564088436786988,0.6976661649001294,False
2936,TCP +10 ,True,90,1.2319241658857458,0.6976661649001294,True
2937,BCl3 +5 ,True,90,2.5076084989198852,0.6976661649001294,True
2938,Pr -2   ,True,90,6.656778757828255,0.6976661649001294,True
2939,Cl2 -5  ,True,90,1.857221032895882,0.6976661649001294,True
2940,He Chuck,True,90,1.2370137764830642,0.6976661649001294,True
2941,calibration,False,90,0.41682677395141976,0.6976661649001294,False
2942,calibration,False,90,0.6132637611025861,0.6976661649001294,False
2943,calibration,False,90,0.2694719928675825,0.6976661649001294,False
3101,calibration,False,90,0.23518427345881726,0.6976661649001294,False
3102,calibration,False,90,0.47356857781926603,0.6976661649001294,False
3103,calibration,False,90,0.4641190717633965,0.6976661649001294,False
3104,calibration,False,90,0.5337399638149927,0.6976661649001294,False
3105,calibration,False,90,0.5934398316559536,0.6976661649001294,False
3106,calibration,False,90,0.48240398340676127,0.6976661649001294,False
3107,calibration,False,90,0.2542365292176557,0.6976661649001294,False
3108,calibration,False,90,0.2176838817263241,0.6976661649001294,False
3109,calibration,False,90,0.33046757779909475,0.6976661649001294,False
3110,calibration,False,90,0.22778009669227758,0.6976661649001294,False
3111,calibration,False,90,0.5666841807889773,0.6976661649001294,False
3112,calibration,False,90,0.3542132489789091,0.6976661649001294,False
3113,calibration,False,90,0.4674819040634984,0.6976661649001294,False
3114,calibration,False,90,0.2502550179051119,0.6976661649001294,False
3115,calibration,False,90,0.5163441144469542,0.6976661649001294,False
3116,calibration,False,90,0.5325163499446938,0.6976661649001294,False
3117,calibration,False,90,0.2982732074796901,0.6976661649001294,False
3118,calibration,False,90,0.26171334748914465,0.6976661649001294,False
3119,calibration,False,90,0.47458953245162727,0.6976661649001294,False
3120,TCP +30 ,True,90,3657.6551810216533,0.6976661649001294,True
3121,Cl2 +5  ,True,90,1.4250864499586735,0.6976661649001294,True
3122,RF +8   ,True,90,43.662597203958434,0.6976661649001294,True
3123,calibration,False,90,0.3678683388856255,0.6976661649001294,False
3124,calibration,False,90,0.2889341144947496,0.6976661649001294,False
3126,calibration,False,90,0.2640372207012488,0.6976661649001294,False
3127,calibration,False,90,0.26562148527304985,0.6976661649001294,False
3128,calibration,False,90,0.41491555073357,0.6976661649001294,False
3129,calibration,False,90,0.5401333216182282,0.6976661649001294,False
3130,calibration,False,90,0.39368313067766875,0.6976661649001294,False
3131,calibration,False,90,0.24802045996525252,0.6976661649001294,False
3132,calibration,False,90,0.24625601070109113,0.6976661649001294,False
3133,calibration,False,90,0.4738449241216618,0.6976661649001294,False
3134,calibration,False,90,0.26603998445099847,0.6976661649001294,False
3135,calibration,False,90,0.2650050556792812,0.6976661649001294,False
3136,calibration,False,90,0.5362199367996863,0.6976661649001294,False
3137,calibration,False,90,0.25852679627047737,0.6976661649001294,False
3138,calibration,False,90,0.28385743357052645,0.6976661649001294,False
3139,calibration,False,90,0.5113866090364505,0.6976661649001294,False
3140,calibration,False,90,0.3057196854450719,0.6976661649001294,False
3141,BCl3 -5 ,True,90,236.66843976556282,0.6976661649001294,True
3142,Pr +2   ,True,90,18.269912008683225,0.6976661649001294,True
3143,TCP -20 ,True,90,7.753449690503242,0.6976661649001294,True
3301,calibration,False,90,0.41426499351834567,0.6976661649001294,False
3302,calibration,False,90,0.31255198553924274,0.6976661649001294,False
3303,calibration,False,90,0.42751174616683174,0.6976661649001294,False
3304,calibration,False,90,0.403445414670315,0.6976661649001294,False
3305,calibration,False,90,0.3585034935797431,0.6976661649001294,False
3307,calibration,False,90,0.3235839979476685,0.6976661649001294,False
3308,calibration,False,90,0.35374621535039574,0.6976661649001294,False
3309,calibration,False,90,0.35850467700190275,0.6976661649001294,False
3310,calibration,False,90,0.3747627013408117,0.6976661649001294,False
3311,calibration,False,90,0.4353973653948432,0.6976661649001294,False
3312,calibration,False,90,0.23447813117636415,0.6976661649001294,False
3313,calibration,False,90,0.3344244919125061,0.6976661649001294,False
3314,calibration,False,90,0.3958012714693848,0.6976661649001294,False
3315,calibration,False,90,0.3973736920528931,0.6976661649001294,False
3316,calibration,False,90,0.4206378028275101,0.6976661649001294,False
3317,calibration,False,90,0.3246275872855844,0.6976661649001294,False
3318,TCP -15 ,True,90,22.89879221213794,0.6976661649001294,True
3319,Cl2 -10 ,True,90,1.8736225115142167,0.6976661649001294,True
3320,RF -12  ,True,90,2.731137009593949,0.6976661649001294,True
3321,calibration,False,90,0.3626488364911811,0.6976661649001294,False
3322,calibration,False,90,0.5239932547762052,0.6976661649001294,False
3323,calibration,False,90,0.5012068419489961,0.6976661649001294,False
3324,calibration,False,90,0.6978745807673676,0.6976661649001294,True
3326,calibration,False,90,0.460382187089572,0.6976661649001294,False
3327,calibration,False,90,0.5009282516831675,0.6976661649001294,False
3328,calibration,False,90,0.4744435357905503,0.6976661649001294,False
3329,calibration,False,90,0.49649649753087505,0.6976661649001294,False
3330,calibration,False,90,0.46583803050094685,0.6976661649001294,False
3331,calibration,False,90,0.41234946449405613,0.6976661649001294,False
3332,calibration,False,90,0.6318583070444561,0.6976661649001294,False
3333,calibration,False,90,0.6206083089997343,0.6976661649001294,False
3334,calibration,False,90,0.5673595585530273,0.6976661649001294,False
3335,calibration,False,90,0.6221655799417174,0.6976661649001294,False
3336,calibration,False,90,0.5053109209834323,0.6976661649001294,False
3337,calibration,False,90,0.4822298461082579,0.6976661649001294,False
3338,calibration,False,90,0.5969152271360018,0.6976661649001294,False
3339,BCl3 +10,True,90,2.6904164779379918,0.6976661649001294,True
3340,Pr +1   ,True,90,2.5063939976057674,0.6976661649001294,True
3341,TCP +20 ,True,90,6.977019530523707,0.6976661649001294,True
3342,calibration,False,90,0.5267779175182805,0.6976661649001294,False
3343,calibration,False,90,0.4157920617317831,0.6976661649001294,False
2901,calibration,False,100,0.005678550331854435,0.6235015992808783,False
2903,calibration,False,100,0.0534846902820383,0.6235015992808783,False
2904,calibration,False,100,0.5184580478477715,0.6235015992808783,False
2905,calibration,False,100,0.45369509428023674,0.6235015992808783,False
2906,calibration,False,100,0.3526643278706034,0.6235015992808783,False
2907,calibration,False,100,0.589167868769719,0.6235015992808783,False
2908,calibration,False,100,0.6207586172969644,0.6235015992808783,False
2909,calibration,False,100,0.3190098157067294,0.6235015992808783,False
2910,calibration,False,100,0.18713047163681376,0.6235015992808783,False
2911,calibration,False,100,0.24684731752740482,0.6235015992808783,False
2912,calibration,False,100,0.6052856472412647,0.6235015992808783,False
2913,calibration,False,100,0.6032422713670913,0.6235015992808783,False
2914,calibration,False,100,0.5875934839341251,0.6235015992808783,False
2915,TCP +50 ,True,100,3.0747416444668696,0.6235015992808783,True
2917,RF +10  ,True,100,7773.60365500837,0.6235015992808783,True
2918,Pr +3   ,True,100,22.249703930944314,0.6235015992808783,True
2920,calibration,False,100,0.520779293687906,0.6235015992808783,False
2921,calibration,False,100,0.5377359776141274,0.6235015992808783,False
2922,calibration,False,100,0.1552673490780153,0.6235015992808783,False
2923,calibration,False,100,0.4529973070409782,0.6235015992808783,False
2924,calibration,False,100,0.16085680073553785,0.6235015992808783,False
2925,calibration,False,100,0.4976068372565041,0.6235015992808783,False
2926,calibration,False,100,0.5082001701081347,0.6235015992808783,False
2927,calibration,False,100,0.16258234859063048,0.6235015992808783,False
2928,calibration,False,100,0.6235575785050398,0.6235015992808783,True
2929,calibration,False,100,0.18496450997135405,0.6235015992808783,False
2930,calibration,False,100,0.5795439230724113,0.6235015992808783,False
2931,calibration,False,100,0.6110585267125979,0.6235015992808783,False
2932,calibration,False,100,0.16158207538555314,0.6235015992808783,False
2933,calibration,False,100,0.25174343049824766,0.6235015992808783,False
2934,calibration,False,100,0.5791436668501242,0.6235015992808783,False
2935,calibration,False,100,0.6238036930216866,0.6235015992808783,True
2936,TCP +10 ,True,100,1.2314562092097667,0.6235015992808783,True
2937,BCl3 +5 ,True,100,2.6178788790293215,0.6235015992808783,True
2938,Pr -2   ,True,100,7.059751503542261,0.6235015992808783,True
2939,Cl2 -5  ,True,100,1.863204127005889,0.6235015992808783,True
2940,He Chuck,True,100,1.2653522807068054,0.6235015992808783,True
2941,calibration,False,100,0.34557588363561703,0.6235015992808783,False
2942,calibration,False,100,0.5662394165463004,0.6235015992808783,False
2943,calibration,False,100,0.17627303667245042,0.6235015992808783,False
3101,calibration,False,100,0.06930931927116261,0.6235015992808783,False
3102,calibration,False,100,0.379207516157981,0.6235015992808783,False
3103,calibration,False,100,0.3882800354926119,0.6235015992808783,False
3104,calibration,False,100,0.4632815364992753,0.6235015992808783,False
3105,calibration,False,100,0.5458095166227774,0.6235015992808783,False
3106,calibration,False,100,0.39893800682296643,0.6235015992808783,False
3107,calibration,False,100,0.13561022280520157,0.6235015992808783,False
3108,calibration,False,100,0.10204096167348396,0.6235015992808783,False
3109,calibration,False,100,0.2280569058514047,0.6235015992808783,False
3110,calibration,False,100,0.10377478397506794,0.6235015992808783,False
3111,calibration,False,100,0.5235347675417442,0.6235015992808783,False
3112,calibration,False,100,0.2382724641140066,0.6235015992808783,False
3113,calibration,False,100,0.3852016433529737,0.6235015992808783,False
3114,calibration,False,100,0.09754534311066465,0.6235015992808783,False
3115,calibration,False,100,0.43389006640941097,0.6235015992808783,False
3116,calibration,False,100,0.43728392066742416,0.6235015992808783,False
3117,calibration,False,100,0.16747132605185303,0.6235015992808783,False
3118,calibration,False,100,0.10379309905167282,0.6235015992808783,False
3119,calibration,False,100,0.3715483320655163,0.6235015992808783,False
3120,TCP +30 ,True,100,3658.811812236113,0.6235015992808783,True
3121,Cl2 +5  ,True,100,1.4345859324355437,0.6235015992808783,True
3122,RF +8   ,True,100,43.646414374948456,0.6235015992808783,True
3123,calibration,False,100,0.2686511607071301,0.6235015992808783,False
3124,calibration,False,100,0.15707874508418607,0.6235015992808783,False
3126,calibration,False,100,0.15325194622135274,0.6235015992808783,False
3127,calibration,False,100,0.09941026067623467,0.6235015992808783,False
3128,calibration,False,100,0.35482405471871153,0.6235015992808783,False
3129,calibration,False,100,0.4815284704441175,0.6235015992808783,False
3130,calibration,False,100,0.30214758302456446,0.6235015992808783,False
3131,calibration,False,100,0.13569624816428738,0.6235015992808783,False
3132,calibration,False,100,0.13837282101053985,0.6235015992808783,False
3133,calibration,False,100,0.4106394296092756,0.6235015992808783,False
3134,calibration,False,100,0.14335493669836835,0.6235015992808783,False
3135,calibration,False,100,0.12203120014194807,0.6235015992808783,False
3136,calibration,False,100,0.4469555262181209,0.6235015992808783,False
3137,calibration,False,100,0.1237940550315032,0.6235015992808783,False
3138,calibration,False,100,0.1406974375932484,0.6235015992808783,False
3139,calibration,False,100,0.461177695473534,0.6235015992808783,False
3140,calibration,False,100,0.1931219995582451,0.6235015992808783,False
3141,BCl3 -5 ,True,100,257.261095218069,0.6235015992808783,True
3142,Pr +2   ,True,100,18.613840645398533,0.6235015992808783,True
3143,TCP -20 ,True,100,8.424306016801758,0.6235015992808783,True
3301,calibration,False,100,0.08457986498145385,0.6235015992808783,False
3302,calibration,False,100,0.10476262944981388,0.6235015992808783,False
3303,calibration,False,100,0.006614236460530743,0.6235015992808783,False
3304,calibration,False,100,0.21491489468095173,0.6235015992808783,False
3305,calibration,False,100,0.1920037742811095,0.6235015992808783,False
3307,calibration,False,100,0.055538275809818356,0.6235015992808783,False
3308,calibration,False,100,0.13757560928611198,0.6235015992808783,False
3309,calibration,False,100,0.15806007661184518,0.6235015992808783,False
3310,calibration,False,100,0.032151901455250986,0.6235015992808783,False
3311,calibration,False,100,0.2850114090380669,0.6235015992808783,False
3312,calibration,False,100,0.031786814988228274,0.6235015992808783,False
3313,calibration,False,100,0.13049847176801582,0.6235015992808783,False
3314,calibration,False,100,0.14607600238916477,0.6235015992808783,False
3315,calibration,False,100,0.17498064072222974,0.6235015992808783,False
3316,calibration,False,100,0.1346005142249357,0.6235015992808783,False
3317,calibration,False,100,0.13774367526902553,0.6235015992808783,False
3318,TCP -15 ,True,100,23.224449955134226,0.6235015992808783,True
3319,Cl2 -10 ,True,100,1.8908535411134908,0.6235015992808783,True
3320,RF -12  ,True,100,2.868746421836759,0.6235015992808783,True
3321,calibration,False,100,0.0229670027209173,0.6235015992808783,False
3322,calibration,False,100,0.3527031208157937,0.6235015992808783,False
3323,calibration,False,100,0.33838073347792985,0.6235015992808783,False
3324,calibration,False,100,0.553055753239859,0.6235015992808783,False
3326,calibration,False,100,0.24487191442998205,0.6235015992808783,False
3327,calibration,False,100,0.3010180609491609,0.6235015992808783,False
3328,calibration,False,100,0.1895294625915118,0.6235015992808783,False
3329,calibration,False,100,0.13478810758390727,0.6235015992808783,False
3330,calibration,False,100,0.18581467746886488,0.6235015992808783,False
3331,calibration,False,100,0.12269133483724136,0.6235015992808783,False
3332,calibration,False,100,0.48161892212223917,0.6235015992808783,False
3333,calibration,False,100,0.45368362875045487,0.6235015992808783,False
3334,calibration,False,100,0.3920300182936883,0.6235015992808783,False
3335,calibration,False,100,0.4339049531331172,0.6235015992808783,False
3336,calibration,False,100,0.3206965967356362,0.6235015992808783,False
3337,calibration,False,100,0.14942503400161,0.6235015992808783,False
3338,calibration,False,100,0.46281203305037993,0.6235015992808783,False
3339,BCl3 +10,True,100,2.78056070647411,0.6235015992808783,True
3340,Pr +1   ,True,100,2.641851965796706,0.6235015992808783,True
3341,TCP +20 ,True,100,7.462695597580923,0.6235015992808783,True
3342,calibration,False,100,0.3086071234086779,0.6235015992808783,False
3343,calibration,False,100,0.18011916964045518,0.6235015992808783,False
